Unnamed: 0,Image,Label
0,dd1f581a-48a1-11f0-93ad-83dd4b7f9dbc.png,0
1,9460b538-48a1-11f0-93ad-83dd4b7f9dbc.png,1
2,52cc2486-48a1-11f0-93ad-83dd4b7f9dbc.png,4
3,a8916d40-48a1-11f0-93ad-83dd4b7f9dbc.png,0
4,c8d6fd86-48a1-11f0-93ad-83dd4b7f9dbc.png,0
5,d118d6d6-48a1-11f0-93ad-83dd4b7f9dbc.png,1
6,ba72877e-48a1-11f0-93ad-83dd4b7f9dbc.png,1
7,a18a85d6-48a1-11f0-93ad-83dd4b7f9dbc.png,0
8,980be270-48a1-11f0-93ad-83dd4b7f9dbc.png,0
9,d5ec361c-48a1-11f0-93ad-83dd4b7f9dbc.png,0
10,e42b9448-48a1-11f0-93ad-83dd4b7f9dbc.png,0
11,fe70e90c-48a1-11f0-93ad-83dd4b7f9dbc.png,0
12,438fad76-48a1-11f0-93ad-83dd4b7f9dbc.png,0
13,21097498-48a2-11f0-93ad-83dd4b7f9dbc.png,3
14,9f071f40-48a1-11f0-93ad-83dd4b7f9dbc.png,1
15,8f88edb4-48a1-11f0-93ad-83dd4b7f9dbc.png,2
16,cd939dd4-48a1-11f0-93ad-83dd4b7f9dbc.png,3
17,13daaee0-48a2-11f0-93ad-83dd4b7f9dbc.png,0
18,1780f900-48a2-11f0-93ad-83dd4b7f9dbc.png,2
19,b234a10a-48a1-11f0-93ad-83dd4b7f9dbc.png,0
20,be16efdc-48a1-11f0-93ad-83dd4b7f9dbc.png,5
21,d12ce4e6-48a1-11f0-93ad-83dd4b7f9dbc.png,2
22,697c656a-48a1-11f0-93ad-83dd4b7f9dbc.png,0
23,9ca72ace-48a1-11f0-93ad-83dd4b7f9dbc.png,0
24,90b8f8b4-48a1-11f0-93ad-83dd4b7f9dbc.png,0
25,4f3c7762-48a1-11f0-93ad-83dd4b7f9dbc.png,5
26,cc5393f2-48a1-11f0-93ad-83dd4b7f9dbc.png,0
27,e7bf25fc-48a1-11f0-93ad-83dd4b7f9dbc.png,3
28,bf467800-48a1-11f0-93ad-83dd4b7f9dbc.png,3
29,b21a3018-48a1-11f0-93ad-83dd4b7f9dbc.png,0
30,61094a60-48a1-11f0-93ad-83dd4b7f9dbc.png,4
31,046bd254-48a2-11f0-93ad-83dd4b7f9dbc.png,2
32,105b3758-48a2-11f0-93ad-83dd4b7f9dbc.png,4
33,c5394594-48a1-11f0-93ad-83dd4b7f9dbc.png,0
34,a169489e-48a1-11f0-93ad-83dd4b7f9dbc.png,2
35,09221c4a-48a2-11f0-93ad-83dd4b7f9dbc.png,1
36,8bf48546-48a1-11f0-93ad-83dd4b7f9dbc.png,0
37,117894b4-48a2-11f0-93ad-83dd4b7f9dbc.png,0
38,552b353c-48a1-11f0-93ad-83dd4b7f9dbc.png,0
39,e0a7bed2-48a1-11f0-93ad-83dd4b7f9dbc.png,0
40,f4dc72bc-48a1-11f0-93ad-83dd4b7f9dbc.png,0
41,c0908e94-48a1-11f0-93ad-83dd4b7f9dbc.png,0
42,c8c08768-48a1-11f0-93ad-83dd4b7f9dbc.png,0
43,45f37368-48a1-11f0-93ad-83dd4b7f9dbc.png,0
44,ec9cb756-48a1-11f0-93ad-83dd4b7f9dbc.png,5
45,1e96c224-48a2-11f0-93ad-83dd4b7f9dbc.png,0
46,06becf98-48a2-11f0-93ad-83dd4b7f9dbc.png,3
47,06ce657a-48a2-11f0-93ad-83dd4b7f9dbc.png,0
48,fe655b1e-48a1-11f0-93ad-83dd4b7f9dbc.png,1
49,b47bf490-48a1-11f0-93ad-83dd4b7f9dbc.png,2
50,296cee80-48a2-11f0-93ad-83dd4b7f9dbc.png,1
51,9f15770c-48a1-11f0-93ad-83dd4b7f9dbc.png,0
52,25bcaaf0-48a2-11f0-93ad-83dd4b7f9dbc.png,0
53,2a817584-48a2-11f0-93ad-83dd4b7f9dbc.png,0
54,1d643fe4-48a2-11f0-93ad-83dd4b7f9dbc.png,0
55,636cacc0-48a1-11f0-93ad-83dd4b7f9dbc.png,1
56,ad6b9cc8-48a1-11f0-93ad-83dd4b7f9dbc.png,0
57,d721b016-48a1-11f0-93ad-83dd4b7f9dbc.png,0
58,89b2f998-48a1-11f0-93ad-83dd4b7f9dbc.png,4
59,c199a1cc-48a1-11f0-93ad-83dd4b7f9dbc.png,4
60,3a0f363a-48a2-11f0-93ad-83dd4b7f9dbc.png,0
61,e69cf852-48a1-11f0-93ad-83dd4b7f9dbc.png,0
62,20f83ee4-48a2-11f0-93ad-83dd4b7f9dbc.png,2
64,d4bd61ee-48a1-11f0-93ad-83dd4b7f9dbc.png,0
65,b6de8824-48a1-11f0-93ad-83dd4b7f9dbc.png,2
66,3b31d81a-48a2-11f0-93ad-83dd4b7f9dbc.png,1
67,58b205dc-48a1-11f0-93ad-83dd4b7f9dbc.png,2
68,0cb3c8e0-48a2-11f0-93ad-83dd4b7f9dbc.png,3
69,fd341244-48a1-11f0-93ad-83dd4b7f9dbc.png,0
70,5c4580d4-48a1-11f0-93ad-83dd4b7f9dbc.png,0
71,f0197554-48a1-11f0-93ad-83dd4b7f9dbc.png,1
72,f2894986-48a1-11f0-93ad-83dd4b7f9dbc.png,0
73,5b13e548-48a1-11f0-93ad-83dd4b7f9dbc.png,1
74,9cccb500-48a1-11f0-93ad-83dd4b7f9dbc.png,2
75,de3803f0-48a1-11f0-93ad-83dd4b7f9dbc.png,0
76,de471dd6-48a1-11f0-93ad-83dd4b7f9dbc.png,0
77,4a72d4ce-48a1-11f0-93ad-83dd4b7f9dbc.png,1
78,c9f15810-48a1-11f0-93ad-83dd4b7f9dbc.png,0
79,0a5fc602-48a2-11f0-93ad-83dd4b7f9dbc.png,0
80,480e99f2-48a1-11f0-93ad-83dd4b7f9dbc.png,2
81,d24af8b8-48a1-11f0-93ad-83dd4b7f9dbc.png,3
82,eef77928-48a1-11f0-93ad-83dd4b7f9dbc.png,0
83,f74caa58-48a1-11f0-93ad-83dd4b7f9dbc.png,1
84,0f15d39e-48a2-11f0-93ad-83dd4b7f9dbc.png,2
85,00d4993c-48a2-11f0-93ad-83dd4b7f9dbc.png,0
86,30779072-48a2-11f0-93ad-83dd4b7f9dbc.png,0
87,176e6c7c-48a2-11f0-93ad-83dd4b7f9dbc.png,0
88,4b94efae-48a1-11f0-93ad-83dd4b7f9dbc.png,5
89,12bc96cc-48a2-11f0-93ad-83dd4b7f9dbc.png,5
90,ff968abc-48a1-11f0-93ad-83dd4b7f9dbc.png,5
91,df74e1de-48a1-11f0-93ad-83dd4b7f9dbc.png,0
92,9b899c6c-48a1-11f0-93ad-83dd4b7f9dbc.png,4
93,1b023760-48a2-11f0-93ad-83dd4b7f9dbc.png,0
94,1eab3cae-48a2-11f0-93ad-83dd4b7f9dbc.png,0
95,ceb617b4-48a1-11f0-93ad-83dd4b7f9dbc.png,1
96,d5dd454e-48a1-11f0-93ad-83dd4b7f9dbc.png,0
97,931c9f66-48a1-11f0-93ad-83dd4b7f9dbc.png,3
98,093cae34-48a2-11f0-93ad-83dd4b7f9dbc.png,0
99,5d8702ce-48a1-11f0-93ad-83dd4b7f9dbc.png,2
100,a8a316a8-48a1-11f0-93ad-83dd4b7f9dbc.png,0
101,53f67348-48a1-11f0-93ad-83dd4b7f9dbc.png,0
102,e0986efa-48a1-11f0-93ad-83dd4b7f9dbc.png,3
103,1c331f1e-48a2-11f0-93ad-83dd4b7f9dbc.png,1
104,38db91fa-48a2-11f0-93ad-83dd4b7f9dbc.png,0
105,033ed66a-48a2-11f0-93ad-83dd4b7f9dbc.png,0
106,f8805474-48a1-11f0-93ad-83dd4b7f9dbc.png,5
107,249c6516-48a2-11f0-93ad-83dd4b7f9dbc.png,0
108,56639822-48a1-11f0-93ad-83dd4b7f9dbc.png,5
109,899de3a0-48a1-11f0-93ad-83dd4b7f9dbc.png,1
110,daa27be4-48a1-11f0-93ad-83dd4b7f9dbc.png,0
111,eee65242-48a1-11f0-93ad-83dd4b7f9dbc.png,5
112,e574dd46-48a1-11f0-93ad-83dd4b7f9dbc.png,0
113,02097e1c-48a2-11f0-93ad-83dd4b7f9dbc.png,0
114,18bb49c4-48a2-11f0-93ad-83dd4b7f9dbc.png,3
115,6830fd4c-48a1-11f0-93ad-83dd4b7f9dbc.png,0
116,9b7406ea-48a1-11f0-93ad-83dd4b7f9dbc.png,0
117,e8fef2e4-48a1-11f0-93ad-83dd4b7f9dbc.png,0
118,d37b412a-48a1-11f0-93ad-83dd4b7f9dbc.png,1
119,44285152-48a1-11f0-93ad-83dd4b7f9dbc.png,0
120,0de50288-48a2-11f0-93ad-83dd4b7f9dbc.png,1
121,e7cfa454-48a1-11f0-93ad-83dd4b7f9dbc.png,5
122,65e3f210-48a1-11f0-93ad-83dd4b7f9dbc.png,1
123,610a9cbc-48a1-11f0-93ad-83dd4b7f9dbc.png,1
124,07ff7a9c-48a2-11f0-93ad-83dd4b7f9dbc.png,1
125,d25dfb84-48a1-11f0-93ad-83dd4b7f9dbc.png,1
126,2228de54-48a2-11f0-93ad-83dd4b7f9dbc.png,2
127,ea2e3490-48a1-11f0-93ad-83dd4b7f9dbc.png,0
128,1047f4f4-48a2-11f0-93ad-83dd4b7f9dbc.png,0
129,a29ecfb8-48a1-11f0-93ad-83dd4b7f9dbc.png,0
130,5d75f682-48a1-11f0-93ad-83dd4b7f9dbc.png,5
131,4931cb56-48a1-11f0-93ad-83dd4b7f9dbc.png,3
132,150c12a4-48a2-11f0-93ad-83dd4b7f9dbc.png,1
133,4e0e0f04-48a1-11f0-93ad-83dd4b7f9dbc.png,4
134,8f9dc964-48a1-11f0-93ad-83dd4b7f9dbc.png,1
135,aaf3342e-48a1-11f0-93ad-83dd4b7f9dbc.png,4
136,ac2405bc-48a1-11f0-93ad-83dd4b7f9dbc.png,0
137,c65e280e-48a1-11f0-93ad-83dd4b7f9dbc.png,0
138,dbd446dc-48a1-11f0-93ad-83dd4b7f9dbc.png,0
139,223aa65c-48a2-11f0-93ad-83dd4b7f9dbc.png,0
140,96bdd716-48a1-11f0-93ad-83dd4b7f9dbc.png,3
141,f148bf66-48a1-11f0-93ad-83dd4b7f9dbc.png,2
142,d38d1274-48a1-11f0-93ad-83dd4b7f9dbc.png,0
143,2f45fa68-48a2-11f0-93ad-83dd4b7f9dbc.png,0
144,5059159c-48a1-11f0-93ad-83dd4b7f9dbc.png,0
145,5c563a78-48a1-11f0-93ad-83dd4b7f9dbc.png,0
146,164eb680-48a2-11f0-93ad-83dd4b7f9dbc.png,1
147,d97d982a-48a1-11f0-93ad-83dd4b7f9dbc.png,0
148,cb23ab48-48a1-11f0-93ad-83dd4b7f9dbc.png,0
149,0cb4ac60-48a2-11f0-93ad-83dd4b7f9dbc.png,0
150,45596dd6-48a1-11f0-93ad-83dd4b7f9dbc.png,0
151,b0f8f28c-48a1-11f0-93ad-83dd4b7f9dbc.png,2
152,8e728a2a-48a1-11f0-93ad-83dd4b7f9dbc.png,0
153,9910ca1e-48a1-11f0-93ad-83dd4b7f9dbc.png,1
154,564f4160-48a1-11f0-93ad-83dd4b7f9dbc.png,0
155,0df5d504-48a2-11f0-93ad-83dd4b7f9dbc.png,0
156,ae9e0ab8-48a1-11f0-93ad-83dd4b7f9dbc.png,2
157,daa3e452-48a1-11f0-93ad-83dd4b7f9dbc.png,0
158,f60f2242-48a1-11f0-93ad-83dd4b7f9dbc.png,0
159,23688314-48a2-11f0-93ad-83dd4b7f9dbc.png,0
160,f4ff28de-48a1-11f0-93ad-83dd4b7f9dbc.png,0
161,0b912a52-48a2-11f0-93ad-83dd4b7f9dbc.png,1
162,341d01b2-48a2-11f0-93ad-83dd4b7f9dbc.png,3
163,edc8c444-48a1-11f0-93ad-83dd4b7f9dbc.png,0
164,5197b12a-48a1-11f0-93ad-83dd4b7f9dbc.png,0
165,fc17fdee-48a1-11f0-93ad-83dd4b7f9dbc.png,0
166,d4ac42a6-48a1-11f0-93ad-83dd4b7f9dbc.png,0
167,b34db766-48a1-11f0-93ad-83dd4b7f9dbc.png,3
168,d70ff66e-48a1-11f0-93ad-83dd4b7f9dbc.png,0
169,bd03f252-48a1-11f0-93ad-83dd4b7f9dbc.png,0
170,d970bbfa-48a1-11f0-93ad-83dd4b7f9dbc.png,0
171,ba731ff4-48a1-11f0-93ad-83dd4b7f9dbc.png,0
172,07ef1652-48a2-11f0-93ad-83dd4b7f9dbc.png,0
173,cff7acd2-48a1-11f0-93ad-83dd4b7f9dbc.png,1
174,ae863c8a-48a1-11f0-93ad-83dd4b7f9dbc.png,0
175,2e14d0b0-48a2-11f0-93ad-83dd4b7f9dbc.png,0
176,058d9f1e-48a2-11f0-93ad-83dd4b7f9dbc.png,0
177,1fc85aea-48a2-11f0-93ad-83dd4b7f9dbc.png,0
178,54226c96-48a1-11f0-93ad-83dd4b7f9dbc.png,0
179,b0e829ac-48a1-11f0-93ad-83dd4b7f9dbc.png,1
180,c40eb078-48a1-11f0-93ad-83dd4b7f9dbc.png,0
181,df672026-48a1-11f0-93ad-83dd4b7f9dbc.png,0
182,cd85cd58-48a1-11f0-93ad-83dd4b7f9dbc.png,0
183,bcd53066-48a1-11f0-93ad-83dd4b7f9dbc.png,0
184,a2be7a0c-48a1-11f0-93ad-83dd4b7f9dbc.png,1
185,bf369822-48a1-11f0-93ad-83dd4b7f9dbc.png,1
186,b362b7ba-48a1-11f0-93ad-83dd4b7f9dbc.png,1
187,1d6f9bb4-48a2-11f0-93ad-83dd4b7f9dbc.png,3
188,551d9a1c-48a1-11f0-93ad-83dd4b7f9dbc.png,1
189,32ef2900-48a2-11f0-93ad-83dd4b7f9dbc.png,3
190,31a86412-48a2-11f0-93ad-83dd4b7f9dbc.png,0
191,623b203e-48a1-11f0-93ad-83dd4b7f9dbc.png,2
192,578cc9da-48a1-11f0-93ad-83dd4b7f9dbc.png,0
193,05a4921e-48a2-11f0-93ad-83dd4b7f9dbc.png,0
194,2e23c5d4-48a2-11f0-93ad-83dd4b7f9dbc.png,4
195,4f29ed72-48a1-11f0-93ad-83dd4b7f9dbc.png,3
196,64c17c18-48a1-11f0-93ad-83dd4b7f9dbc.png,0
197,ad568748-48a1-11f0-93ad-83dd4b7f9dbc.png,3
198,9a42eec6-48a1-11f0-93ad-83dd4b7f9dbc.png,0
199,e1c96072-48a1-11f0-93ad-83dd4b7f9dbc.png,1
200,a76019f8-48a1-11f0-93ad-83dd4b7f9dbc.png,0
201,8e563672-48a1-11f0-93ad-83dd4b7f9dbc.png,0
202,b8105e52-48a1-11f0-93ad-83dd4b7f9dbc.png,1
203,1c45bb6a-48a2-11f0-93ad-83dd4b7f9dbc.png,4
204,c06857c6-48a1-11f0-93ad-83dd4b7f9dbc.png,0
205,8c05a3f8-48a1-11f0-93ad-83dd4b7f9dbc.png,4
206,8ad9c70c-48a1-11f0-93ad-83dd4b7f9dbc.png,3
207,b5bc5e26-48a1-11f0-93ad-83dd4b7f9dbc.png,3
208,19ee5232-48a2-11f0-93ad-83dd4b7f9dbc.png,2
209,ffa4620e-48a1-11f0-93ad-83dd4b7f9dbc.png,0
210,a9d47a3a-48a1-11f0-93ad-83dd4b7f9dbc.png,0
211,18a019e2-48a2-11f0-93ad-83dd4b7f9dbc.png,0
212,65cf2b6e-48a1-11f0-93ad-83dd4b7f9dbc.png,5
213,f3ab2226-48a1-11f0-93ad-83dd4b7f9dbc.png,0
214,64a73f88-48a1-11f0-93ad-83dd4b7f9dbc.png,0
215,6962a9cc-48a1-11f0-93ad-83dd4b7f9dbc.png,0
216,fd43e444-48a1-11f0-93ad-83dd4b7f9dbc.png,2
217,624afa40-48a1-11f0-93ad-83dd4b7f9dbc.png,0
218,ea213876-48a1-11f0-93ad-83dd4b7f9dbc.png,3
219,96aee210-48a1-11f0-93ad-83dd4b7f9dbc.png,0
220,b94101e6-48a1-11f0-93ad-83dd4b7f9dbc.png,2
221,fad6ade0-48a1-11f0-93ad-83dd4b7f9dbc.png,0
222,307893fa-48a2-11f0-93ad-83dd4b7f9dbc.png,3
223,5b248826-48a1-11f0-93ad-83dd4b7f9dbc.png,1
224,d85564dc-48a1-11f0-93ad-83dd4b7f9dbc.png,0
225,4cd79e70-48a1-11f0-93ad-83dd4b7f9dbc.png,0
226,518a6dd0-48a1-11f0-93ad-83dd4b7f9dbc.png,1
227,340b3234-48a2-11f0-93ad-83dd4b7f9dbc.png,0
228,368b16a0-48a2-11f0-93ad-83dd4b7f9dbc.png,0
229,2832e7e0-48a2-11f0-93ad-83dd4b7f9dbc.png,1
230,fad4af0e-48a1-11f0-93ad-83dd4b7f9dbc.png,0
231,163d4c1a-48a2-11f0-93ad-83dd4b7f9dbc.png,0
232,ca011908-48a1-11f0-93ad-83dd4b7f9dbc.png,0
233,59e5397e-48a1-11f0-93ad-83dd4b7f9dbc.png,0
234,506830a4-48a1-11f0-93ad-83dd4b7f9dbc.png,3
235,91e9abb6-48a1-11f0-93ad-83dd4b7f9dbc.png,0
236,4800e80c-48a1-11f0-93ad-83dd4b7f9dbc.png,0
237,c52cbfea-48a1-11f0-93ad-83dd4b7f9dbc.png,3
238,e1daa27e-48a1-11f0-93ad-83dd4b7f9dbc.png,4
239,bbc51088-48a1-11f0-93ad-83dd4b7f9dbc.png,0
240,a9c1d538-48a1-11f0-93ad-83dd4b7f9dbc.png,5
241,a3cbea6a-48a1-11f0-93ad-83dd4b7f9dbc.png,1
242,f9b09430-48a1-11f0-93ad-83dd4b7f9dbc.png,0
243,c2cab180-48a1-11f0-93ad-83dd4b7f9dbc.png,0
244,e2fa687e-48a1-11f0-93ad-83dd4b7f9dbc.png,0
245,12aa13ee-48a2-11f0-93ad-83dd4b7f9dbc.png,0
247,957e2dc4-48a1-11f0-93ad-83dd4b7f9dbc.png,0
248,edb515b6-48a1-11f0-93ad-83dd4b7f9dbc.png,0
249,37b291f2-48a2-11f0-93ad-83dd4b7f9dbc.png,1
250,c7926294-48a1-11f0-93ad-83dd4b7f9dbc.png,0
251,e55fdbd0-48a1-11f0-93ad-83dd4b7f9dbc.png,0
252,4df6e630-48a1-11f0-93ad-83dd4b7f9dbc.png,0
253,2a8dd202-48a2-11f0-93ad-83dd4b7f9dbc.png,2
254,932e75f6-48a1-11f0-93ad-83dd4b7f9dbc.png,0
255,afb7e3f6-48a1-11f0-93ad-83dd4b7f9dbc.png,0
256,032a82aa-48a2-11f0-93ad-83dd4b7f9dbc.png,3
257,353be27a-48a2-11f0-93ad-83dd4b7f9dbc.png,5
258,8d3773d2-48a1-11f0-93ad-83dd4b7f9dbc.png,0
259,5eab5560-48a1-11f0-93ad-83dd4b7f9dbc.png,0
260,8d262f28-48a1-11f0-93ad-83dd4b7f9dbc.png,0
261,5ee735b2-48a1-11f0-93ad-83dd4b7f9dbc.png,3
262,0a517192-48a2-11f0-93ad-83dd4b7f9dbc.png,0
263,f8703620-48a1-11f0-93ad-83dd4b7f9dbc.png,0
264,9a5a791a-48a1-11f0-93ad-83dd4b7f9dbc.png,1
265,235993a4-48a2-11f0-93ad-83dd4b7f9dbc.png,0
266,8ac330dc-48a1-11f0-93ad-83dd4b7f9dbc.png,0
267,a62fb674-48a1-11f0-93ad-83dd4b7f9dbc.png,0
268,bba3c43c-48a1-11f0-93ad-83dd4b7f9dbc.png,5
269,cc54e1ee-48a1-11f0-93ad-83dd4b7f9dbc.png,0
270,b6f37f86-48a1-11f0-93ad-83dd4b7f9dbc.png,1
271,cfe7fd5a-48a1-11f0-93ad-83dd4b7f9dbc.png,0
272,97e12170-48a1-11f0-93ad-83dd4b7f9dbc.png,0
273,a03891d2-48a1-11f0-93ad-83dd4b7f9dbc.png,3
274,19d2f1ea-48a2-11f0-93ad-83dd4b7f9dbc.png,0
275,be05e336-48a1-11f0-93ad-83dd4b7f9dbc.png,0
276,26ef693a-48a2-11f0-93ad-83dd4b7f9dbc.png,4
277,0f2a4d56-48a2-11f0-93ad-83dd4b7f9dbc.png,0
278,468a93c4-48a1-11f0-93ad-83dd4b7f9dbc.png,0
279,91fad90e-48a1-11f0-93ad-83dd4b7f9dbc.png,1
280,992235ce-48a1-11f0-93ad-83dd4b7f9dbc.png,0
281,9dd66b3a-48a1-11f0-93ad-83dd4b7f9dbc.png,0
282,ec875bf4-48a1-11f0-93ad-83dd4b7f9dbc.png,1
283,944cd70c-48a1-11f0-93ad-83dd4b7f9dbc.png,4
284,63821cae-48a1-11f0-93ad-83dd4b7f9dbc.png,5
285,fc049aba-48a1-11f0-93ad-83dd4b7f9dbc.png,0
286,5fd84f4c-48a1-11f0-93ad-83dd4b7f9dbc.png,1
287,e8f02bc4-48a1-11f0-93ad-83dd4b7f9dbc.png,0
288,4943845e-48a1-11f0-93ad-83dd4b7f9dbc.png,2
289,38cf733e-48a2-11f0-93ad-83dd4b7f9dbc.png,0
290,66ffc7f0-48a1-11f0-93ad-83dd4b7f9dbc.png,0
291,3c789650-48a2-11f0-93ad-83dd4b7f9dbc.png,1
292,32d9e040-48a2-11f0-93ad-83dd4b7f9dbc.png,1
293,9de6c836-48a1-11f0-93ad-83dd4b7f9dbc.png,0
294,e68e8ff6-48a1-11f0-93ad-83dd4b7f9dbc.png,0
295,1fda0e0c-48a2-11f0-93ad-83dd4b7f9dbc.png,1
296,248b9fc4-48a2-11f0-93ad-83dd4b7f9dbc.png,0
297,379e78c0-48a2-11f0-93ad-83dd4b7f9dbc.png,3
298,44c13af2-48a1-11f0-93ad-83dd4b7f9dbc.png,1
299,3d98c780-48a2-11f0-93ad-83dd4b7f9dbc.png,4
300,c6704494-48a1-11f0-93ad-83dd4b7f9dbc.png,0
301,4ba3ac24-48a1-11f0-93ad-83dd4b7f9dbc.png,0
302,01f946d2-48a2-11f0-93ad-83dd4b7f9dbc.png,0
303,2ce4aabc-48a2-11f0-93ad-83dd4b7f9dbc.png,1
304,cec2a934-48a1-11f0-93ad-83dd4b7f9dbc.png,2
305,67110308-48a1-11f0-93ad-83dd4b7f9dbc.png,0
306,f73ef188-48a1-11f0-93ad-83dd4b7f9dbc.png,2
307,f15781a4-48a1-11f0-93ad-83dd4b7f9dbc.png,0
308,f0188c52-48a1-11f0-93ad-83dd4b7f9dbc.png,0
309,c3fbe592-48a1-11f0-93ad-83dd4b7f9dbc.png,0
310,59e49abe-48a1-11f0-93ad-83dd4b7f9dbc.png,5
311,11882348-48a2-11f0-93ad-83dd4b7f9dbc.png,0
312,13e7c828-48a2-11f0-93ad-83dd4b7f9dbc.png,1
313,366e4fa2-48a2-11f0-93ad-83dd4b7f9dbc.png,4
314,f9a0c7da-48a1-11f0-93ad-83dd4b7f9dbc.png,0
315,2bb285ec-48a2-11f0-93ad-83dd4b7f9dbc.png,0
316,2cf49986-48a2-11f0-93ad-83dd4b7f9dbc.png,5
317,151bbc2c-48a2-11f0-93ad-83dd4b7f9dbc.png,4
318,f3b9b534-48a1-11f0-93ad-83dd4b7f9dbc.png,3
319,a3db6666-48a1-11f0-93ad-83dd4b7f9dbc.png,1
320,b489cd54-48a1-11f0-93ad-83dd4b7f9dbc.png,0
321,a4ff22c6-48a1-11f0-93ad-83dd4b7f9dbc.png,4
322,ab08841e-48a1-11f0-93ad-83dd4b7f9dbc.png,1
323,52bbadae-48a1-11f0-93ad-83dd4b7f9dbc.png,1
324,b822a152-48a1-11f0-93ad-83dd4b7f9dbc.png,3
325,2bbfc8ec-48a2-11f0-93ad-83dd4b7f9dbc.png,0
326,3c6398b8-48a2-11f0-93ad-83dd4b7f9dbc.png,1
327,c1a7d990-48a1-11f0-93ad-83dd4b7f9dbc.png,0
328,a6408846-48a1-11f0-93ad-83dd4b7f9dbc.png,1
329,5fe7f3a2-48a1-11f0-93ad-83dd4b7f9dbc.png,1
330,b94d2386-48a1-11f0-93ad-83dd4b7f9dbc.png,0
331,e308a6d2-48a1-11f0-93ad-83dd4b7f9dbc.png,1
332,eb52af7c-48a1-11f0-93ad-83dd4b7f9dbc.png,0
333,959125c8-48a1-11f0-93ad-83dd4b7f9dbc.png,0
334,29501800-48a2-11f0-93ad-83dd4b7f9dbc.png,3
335,eb6645e6-48a1-11f0-93ad-83dd4b7f9dbc.png,0
336,d840dfe4-48a1-11f0-93ad-83dd4b7f9dbc.png,4
337,28203f5a-48a2-11f0-93ad-83dd4b7f9dbc.png,1
338,2f58bb8a-48a2-11f0-93ad-83dd4b7f9dbc.png,0
339,4cc57bbe-48a1-11f0-93ad-83dd4b7f9dbc.png,2
340,25ca51c8-48a2-11f0-93ad-83dd4b7f9dbc.png,0
341,6831d500-48a1-11f0-93ad-83dd4b7f9dbc.png,2
342,354a2b00-48a2-11f0-93ad-83dd4b7f9dbc.png,1
343,c2d8ed54-48a1-11f0-93ad-83dd4b7f9dbc.png,0
344,a4fd4348-48a1-11f0-93ad-83dd4b7f9dbc.png,0
345,dd044110-48a1-11f0-93ad-83dd4b7f9dbc.png,5
346,58c65b22-48a1-11f0-93ad-83dd4b7f9dbc.png,0
347,a047cfe4-48a1-11f0-93ad-83dd4b7f9dbc.png,0
348,3b410772-48a2-11f0-93ad-83dd4b7f9dbc.png,0
349,f27984c4-48a1-11f0-93ad-83dd4b7f9dbc.png,0
350,045b9efc-48a2-11f0-93ad-83dd4b7f9dbc.png,0
351,4a6301d4-48a1-11f0-93ad-83dd4b7f9dbc.png,0
352,2700be56-48a2-11f0-93ad-83dd4b7f9dbc.png,0
353,c7ab379c-48a1-11f0-93ad-83dd4b7f9dbc.png,0
354,a7827ac0-48a1-11f0-93ad-83dd4b7f9dbc.png,2
355,0b82a3ba-48a2-11f0-93ad-83dd4b7f9dbc.png,2
356,dbe96742-48a1-11f0-93ad-83dd4b7f9dbc.png,0
357,cb244440-48a1-11f0-93ad-83dd4b7f9dbc.png,0
358,e439fd08-48a1-11f0-93ad-83dd4b7f9dbc.png,0
359,b5adb844-48a1-11f0-93ad-83dd4b7f9dbc.png,0
360,f62b7636-48a1-11f0-93ad-83dd4b7f9dbc.png,1
361,31b99728-48a2-11f0-93ad-83dd4b7f9dbc.png,4
362,afc92f76-48a1-11f0-93ad-83dd4b7f9dbc.png,0
363,00c7d81e-48a2-11f0-93ad-83dd4b7f9dbc.png,1
364,ac43fab6-48a1-11f0-93ad-83dd4b7f9dbc.png,0
365,3a00b5a6-48a2-11f0-93ad-83dd4b7f9dbc.png,0
366,57803f08-48a1-11f0-93ad-83dd4b7f9dbc.png,2
367,90c9d8fa-48a1-11f0-93ad-83dd4b7f9dbc.png,0
368,1b123250-48a2-11f0-93ad-83dd4b7f9dbc.png,0
0,87a32b64-4eff-11f0-a2b4-5f52fe53cb0d.png,0
1,7864b586-4f00-11f0-85ec-114b57130f95.png,0
2,3db9fd52-4eff-11f0-a2b4-5f52fe53cb0d.png,0
3,426ae52c-4f00-11f0-982c-c304d8067eef.png,5
4,575b58c8-4eff-11f0-a2b4-5f52fe53cb0d.png,0
5,3eeb9bea-4eff-11f0-a2b4-5f52fe53cb0d.png,0
6,31220084-4f00-11f0-982c-c304d8067eef.png,0
7,40082c4a-4f00-11f0-982c-c304d8067eef.png,0
8,118af3a2-4f00-11f0-982c-c304d8067eef.png,0
9,4874837a-4eff-11f0-a2b4-5f52fe53cb0d.png,1
10,398e7226-4eff-11f0-a2b4-5f52fe53cb0d.png,0
11,2109d938-4f00-11f0-982c-c304d8067eef.png,0
12,8114e04e-4eff-11f0-a2b4-5f52fe53cb0d.png,2
13,6b07bce0-4eff-11f0-a2b4-5f52fe53cb0d.png,0
14,57f40848-4eff-11f0-a2b4-5f52fe53cb0d.png,5
15,7dc271f8-4f00-11f0-85ec-114b57130f95.png,2
16,66db1914-4eff-11f0-a2b4-5f52fe53cb0d.png,0
17,0cc5e84a-4f00-11f0-982c-c304d8067eef.png,0
18,1fd87e98-4f00-11f0-982c-c304d8067eef.png,0
19,35e6636c-4f00-11f0-982c-c304d8067eef.png,3
20,44349a60-4f00-11f0-982c-c304d8067eef.png,2
21,7438f5e4-4f00-11f0-85ec-114b57130f95.png,0
22,6aaf9384-4f00-11f0-85ec-114b57130f95.png,0
23,2cf57496-4f00-11f0-982c-c304d8067eef.png,0
24,0a636d7a-4f00-11f0-982c-c304d8067eef.png,2
25,9427af7c-4eff-11f0-a2b4-5f52fe53cb0d.png,0
26,6e01eeca-4eff-11f0-a2b4-5f52fe53cb0d.png,1
27,700cf15a-4f00-11f0-85ec-114b57130f95.png,3
28,43b08e06-4eff-11f0-a2b4-5f52fe53cb0d.png,1
29,7d814a6c-4eff-11f0-a2b4-5f52fe53cb0d.png,3
30,2535e1dc-4f00-11f0-982c-c304d8067eef.png,0
31,1c451912-4f00-11f0-982c-c304d8067eef.png,0
32,664278da-4eff-11f0-a2b4-5f52fe53cb0d.png,2
33,3da5f4a0-4f00-11f0-982c-c304d8067eef.png,5
34,671bc2ce-4f00-11f0-85ec-114b57130f95.png,2
35,4dd201da-4eff-11f0-a2b4-5f52fe53cb0d.png,0
36,41d2317e-4f00-11f0-982c-c304d8067eef.png,0
37,7602ae92-4f00-11f0-85ec-114b57130f95.png,0
38,a73a4b88-4eff-11f0-a2b4-5f52fe53cb0d.png,0
39,79552008-4eff-11f0-a2b4-5f52fe53cb0d.png,0
40,14865772-4f00-11f0-982c-c304d8067eef.png,1
41,47438938-4eff-11f0-a2b4-5f52fe53cb0d.png,0
42,9f7aa7d0-4eff-11f0-a2b4-5f52fe53cb0d.png,4
43,92f69398-4eff-11f0-a2b4-5f52fe53cb0d.png,1
44,9be721ca-4eff-11f0-a2b4-5f52fe53cb0d.png,2
45,47dc4858-4eff-11f0-a2b4-5f52fe53cb0d.png,1
46,.DS_Store,0
47,8bcf984e-4eff-11f0-a2b4-5f52fe53cb0d.png,2
48,84a8d0e4-4eff-11f0-a2b4-5f52fe53cb0d.png,2
49,72c6cd86-4eff-11f0-a2b4-5f52fe53cb0d.png,2
50,1bacb474-4f00-11f0-982c-c304d8067eef.png,0
51,7e19cb5c-4eff-11f0-a2b4-5f52fe53cb0d.png,5
52,40b5c96e-4eff-11f0-a2b4-5f52fe53cb0d.png,0
53,7734136e-4f00-11f0-85ec-114b57130f95.png,0
54,18b16dfa-4f00-11f0-982c-c304d8067eef.png,0
55,7d29af40-4f00-11f0-85ec-114b57130f95.png,1
56,50cd5772-4eff-11f0-a2b4-5f52fe53cb0d.png,0
57,1f3fea98-4f00-11f0-982c-c304d8067eef.png,0
58,15b6ccf8-4f00-11f0-982c-c304d8067eef.png,0
59,3e5320e0-4eff-11f0-a2b4-5f52fe53cb0d.png,4
60,2c5d0562-4f00-11f0-982c-c304d8067eef.png,0
61,aefa42ec-4eff-11f0-a2b4-5f52fe53cb0d.png,0
62,89157366-4f00-11f0-85ec-114b57130f95.png,4
63,3d0d7888-4f00-11f0-982c-c304d8067eef.png,0
64,41394108-4f00-11f0-982c-c304d8067eef.png,1
65,604c4924-4eff-11f0-a2b4-5f52fe53cb0d.png,2
66,78fd68f8-4f00-11f0-85ec-114b57130f95.png,0
67,af92be78-4eff-11f0-a2b4-5f52fe53cb0d.png,5
68,5d5212f8-4eff-11f0-a2b4-5f52fe53cb0d.png,0
69,4a3ea118-4eff-11f0-a2b4-5f52fe53cb0d.png,1
70,25cee7f6-4f00-11f0-982c-c304d8067eef.png,1
71,73a0447a-4f00-11f0-85ec-114b57130f95.png,0
72,80249232-4f00-11f0-85ec-114b57130f95.png,1
73,354e61fc-4f00-11f0-982c-c304d8067eef.png,1
74,431784e0-4eff-11f0-a2b4-5f52fe53cb0d.png,4
75,6f74580a-4f00-11f0-85ec-114b57130f95.png,0
76,1ea7ab2a-4f00-11f0-982c-c304d8067eef.png,0
77,7490711c-4eff-11f0-a2b4-5f52fe53cb0d.png,1
78,680c2abc-4eff-11f0-a2b4-5f52fe53cb0d.png,2
79,4d3a022c-4eff-11f0-a2b4-5f52fe53cb0d.png,0
80,a0133d88-4eff-11f0-a2b4-5f52fe53cb0d.png,3
81,b0c3cfc6-4eff-11f0-a2b4-5f52fe53cb0d.png,1
82,a99caede-4eff-11f0-a2b4-5f52fe53cb0d.png,1
83,9e499088-4eff-11f0-a2b4-5f52fe53cb0d.png,5
84,b1f51b7a-4eff-11f0-a2b4-5f52fe53cb0d.png,1
85,1d765706-4f00-11f0-982c-c304d8067eef.png,3
86,7528cc64-4eff-11f0-a2b4-5f52fe53cb0d.png,0
87,80bcee24-4f00-11f0-85ec-114b57130f95.png,1
88,32eb9c7c-4f00-11f0-982c-c304d8067eef.png,0
89,29fab206-4f00-11f0-982c-c304d8067eef.png,0
90,367f499c-4f00-11f0-982c-c304d8067eef.png,0
91,21a26202-4f00-11f0-982c-c304d8067eef.png,0
92,7fe33d92-4eff-11f0-a2b4-5f52fe53cb0d.png,3
93,46ab122a-4eff-11f0-a2b4-5f52fe53cb0d.png,0
94,7c9129aa-4f00-11f0-85ec-114b57130f95.png,5
95,62aea55e-4eff-11f0-a2b4-5f52fe53cb0d.png,0
96,5aef6dbc-4eff-11f0-a2b4-5f52fe53cb0d.png,0
97,5a568ade-4eff-11f0-a2b4-5f52fe53cb0d.png,0
98,49a5ffb2-4eff-11f0-a2b4-5f52fe53cb0d.png,0
99,178094e2-4f00-11f0-982c-c304d8067eef.png,0
100,3f83a99e-4eff-11f0-a2b4-5f52fe53cb0d.png,5
101,33845fac-4f00-11f0-982c-c304d8067eef.png,2
102,7e5b2574-4f00-11f0-85ec-114b57130f95.png,3
103,9853ee80-4eff-11f0-a2b4-5f52fe53cb0d.png,0
104,82868e04-4f00-11f0-85ec-114b57130f95.png,0
105,5e82f124-4eff-11f0-a2b4-5f52fe53cb0d.png,0
106,4f037e1c-4eff-11f0-a2b4-5f52fe53cb0d.png,1
107,546067ee-4eff-11f0-a2b4-5f52fe53cb0d.png,0
108,3f7001fe-4f00-11f0-982c-c304d8067eef.png,0
109,52976188-4eff-11f0-a2b4-5f52fe53cb0d.png,2
110,938f5880-4eff-11f0-a2b4-5f52fe53cb0d.png,2
111,5fb4137a-4eff-11f0-a2b4-5f52fe53cb0d.png,0
112,9984d904-4eff-11f0-a2b4-5f52fe53cb0d.png,1
113,20714de4-4f00-11f0-982c-c304d8067eef.png,0
114,a43f6b52-4eff-11f0-a2b4-5f52fe53cb0d.png,0
115,9b4e5ab2-4eff-11f0-a2b4-5f52fe53cb0d.png,2
116,69d63c2a-4eff-11f0-a2b4-5f52fe53cb0d.png,0
117,2831108c-4f00-11f0-982c-c304d8067eef.png,5
118,562a59ae-4eff-11f0-a2b4-5f52fe53cb0d.png,4
119,67b451b0-4f00-11f0-85ec-114b57130f95.png,0
120,401ca05e-4eff-11f0-a2b4-5f52fe53cb0d.png,0
121,2798789a-4f00-11f0-982c-c304d8067eef.png,0
122,4f9bda68-4eff-11f0-a2b4-5f52fe53cb0d.png,4
123,34b54c6a-4f00-11f0-982c-c304d8067eef.png,0
124,0b94952a-4f00-11f0-982c-c304d8067eef.png,3
125,2bc45d12-4f00-11f0-982c-c304d8067eef.png,2
126,8ffb6736-4eff-11f0-a2b4-5f52fe53cb0d.png,2
127,807c22be-4eff-11f0-a2b4-5f52fe53cb0d.png,5
128,64789926-4eff-11f0-a2b4-5f52fe53cb0d.png,1
129,8e31cf4e-4eff-11f0-a2b4-5f52fe53cb0d.png,1
130,a4d8ee8a-4eff-11f0-a2b4-5f52fe53cb0d.png,3
131,3aab14c4-4f00-11f0-982c-c304d8067eef.png,0
132,427f03e6-4eff-11f0-a2b4-5f52fe53cb0d.png,0
133,9ee22bd6-4eff-11f0-a2b4-5f52fe53cb0d.png,0
134,73f7efdc-4eff-11f0-a2b4-5f52fe53cb0d.png,4
135,1cddb208-4f00-11f0-982c-c304d8067eef.png,0
136,0fc07c36-4f00-11f0-982c-c304d8067eef.png,0
137,6b484ebc-4f00-11f0-85ec-114b57130f95.png,0
138,2b2c12e6-4f00-11f0-982c-c304d8067eef.png,3
139,6e9ab54c-4eff-11f0-a2b4-5f52fe53cb0d.png,0
140,1b13d060-4f00-11f0-982c-c304d8067eef.png,2
141,8d990c0a-4eff-11f0-a2b4-5f52fe53cb0d.png,0
142,8155b5c8-4f00-11f0-85ec-114b57130f95.png,3
143,ae6126f2-4eff-11f0-a2b4-5f52fe53cb0d.png,0
144,a30e7980-4eff-11f0-a2b4-5f52fe53cb0d.png,1
145,6fcbffe8-4eff-11f0-a2b4-5f52fe53cb0d.png,2
146,5591ee12-4eff-11f0-a2b4-5f52fe53cb0d.png,0
147,5f1b70e8-4eff-11f0-a2b4-5f52fe53cb0d.png,0
148,439bff9e-4f00-11f0-982c-c304d8067eef.png,2
149,84e9614e-4f00-11f0-85ec-114b57130f95.png,0
150,86b3091c-4f00-11f0-85ec-114b57130f95.png,0
151,8d007580-4eff-11f0-a2b4-5f52fe53cb0d.png,4
152,3e3e709a-4f00-11f0-982c-c304d8067eef.png,0
153,9559cf74-4eff-11f0-a2b4-5f52fe53cb0d.png,0
154,7bf88240-4f00-11f0-85ec-114b57130f95.png,2
155,0f284510-4f00-11f0-982c-c304d8067eef.png,1
156,9d185d0c-4eff-11f0-a2b4-5f52fe53cb0d.png,0
157,1a7b41d8-4f00-11f0-982c-c304d8067eef.png,2
158,44cd0480-4f00-11f0-982c-c304d8067eef.png,1
159,0c2d2754-4f00-11f0-982c-c304d8067eef.png,2
160,887cbfe0-4f00-11f0-85ec-114b57130f95.png,0
161,12231970-4f00-11f0-982c-c304d8067eef.png,0
162,503449f6-4eff-11f0-a2b4-5f52fe53cb0d.png,4
163,ab66e37e-4eff-11f0-a2b4-5f52fe53cb0d.png,0
164,617dc412-4eff-11f0-a2b4-5f52fe53cb0d.png,4
165,397a191a-4f00-11f0-982c-c304d8067eef.png,1
166,68e5a85e-4f00-11f0-85ec-114b57130f95.png,1
167,2404d5ac-4f00-11f0-982c-c304d8067eef.png,0
168,6b9f9ede-4eff-11f0-a2b4-5f52fe53cb0d.png,4
169,a3a74a7a-4eff-11f0-a2b4-5f52fe53cb0d.png,0
170,3c756778-4f00-11f0-982c-c304d8067eef.png,2
171,3abf4724-4eff-11f0-a2b4-5f52fe53cb0d.png,3
172,a1dd2f16-4eff-11f0-a2b4-5f52fe53cb0d.png,4
173,a9042862-4eff-11f0-a2b4-5f52fe53cb0d.png,1
174,3d220718-4eff-11f0-a2b4-5f52fe53cb0d.png,0
175,430353ca-4f00-11f0-982c-c304d8067eef.png,2
176,532f73c4-4eff-11f0-a2b4-5f52fe53cb0d.png,0
177,62168058-4eff-11f0-a2b4-5f52fe53cb0d.png,1
178,7a863764-4eff-11f0-a2b4-5f52fe53cb0d.png,2
179,778b793e-4eff-11f0-a2b4-5f52fe53cb0d.png,5
180,54f91598-4eff-11f0-a2b4-5f52fe53cb0d.png,0
181,3a126684-4f00-11f0-982c-c304d8067eef.png,0
182,45659d26-4f00-11f0-982c-c304d8067eef.png,0
183,684d04b4-4f00-11f0-85ec-114b57130f95.png,2
184,13ecdcd2-4f00-11f0-982c-c304d8067eef.png,0
185,840fac66-4eff-11f0-a2b4-5f52fe53cb0d.png,1
186,3ed768f4-4f00-11f0-982c-c304d8067eef.png,2
187,693d8642-4eff-11f0-a2b4-5f52fe53cb0d.png,2
188,870a5952-4eff-11f0-a2b4-5f52fe53cb0d.png,4
189,8f62b59a-4eff-11f0-a2b4-5f52fe53cb0d.png,5
190,6e4340ea-4f00-11f0-85ec-114b57130f95.png,0
191,845096a8-4f00-11f0-85ec-114b57130f95.png,1
192,5dea57e8-4eff-11f0-a2b4-5f52fe53cb0d.png,0
193,4b6fb054-4eff-11f0-a2b4-5f52fe53cb0d.png,1
194,831f56e8-4f00-11f0-85ec-114b57130f95.png,0
195,7bb753a2-4eff-11f0-a2b4-5f52fe53cb0d.png,0
196,7823c662-4eff-11f0-a2b4-5f52fe53cb0d.png,5
197,58c4d83c-4f00-11f0-85ec-114b57130f95.png,0
198,26ffc5fa-4f00-11f0-982c-c304d8067eef.png,3
199,81ad1882-4eff-11f0-a2b4-5f52fe53cb0d.png,2
200,b15c57c8-4eff-11f0-a2b4-5f52fe53cb0d.png,1
201,85d99f20-4eff-11f0-a2b4-5f52fe53cb0d.png,2
202,8a9e2792-4eff-11f0-a2b4-5f52fe53cb0d.png,0
203,97bb31ae-4eff-11f0-a2b4-5f52fe53cb0d.png,0
204,87e47a82-4f00-11f0-85ec-114b57130f95.png,1
205,7569cdee-4f00-11f0-85ec-114b57130f95.png,1
206,5cb8c418-4eff-11f0-a2b4-5f52fe53cb0d.png,1
207,6be0b99a-4f00-11f0-85ec-114b57130f95.png,4
208,53c8383e-4eff-11f0-a2b4-5f52fe53cb0d.png,0
209,7307baa2-4f00-11f0-85ec-114b57130f95.png,2
210,223b0e58-4f00-11f0-982c-c304d8067eef.png,3
211,194a232e-4f00-11f0-982c-c304d8067eef.png,0
212,2f581a7c-4f00-11f0-982c-c304d8067eef.png,0
213,6d694b52-4eff-11f0-a2b4-5f52fe53cb0d.png,1
214,a570c444-4eff-11f0-a2b4-5f52fe53cb0d.png,2
215,4448c964-4eff-11f0-a2b4-5f52fe53cb0d.png,1
216,765a2826-4eff-11f0-a2b4-5f52fe53cb0d.png,4
217,98ec2740-4eff-11f0-a2b4-5f52fe53cb0d.png,5
218,925dd40a-4eff-11f0-a2b4-5f52fe53cb0d.png,0
219,3b43bb70-4f00-11f0-982c-c304d8067eef.png,3
220,5925abfe-4eff-11f0-a2b4-5f52fe53cb0d.png,1
221,79ee02b4-4eff-11f0-a2b4-5f52fe53cb0d.png,1
222,164f30c4-4f00-11f0-982c-c304d8067eef.png,2
223,7ef36eba-4f00-11f0-85ec-114b57130f95.png,3
224,249d47ce-4f00-11f0-982c-c304d8067eef.png,3
225,0df721e8-4f00-11f0-982c-c304d8067eef.png,3
226,28c9b698-4f00-11f0-982c-c304d8067eef.png,5
227,32536ae2-4f00-11f0-982c-c304d8067eef.png,0
228,587da96c-4f00-11f0-85ec-114b57130f95.png,0
229,94c02bbc-4eff-11f0-a2b4-5f52fe53cb0d.png,3
230,a6a1ee06-4eff-11f0-a2b4-5f52fe53cb0d.png,3
231,6c7937ba-4f00-11f0-85ec-114b57130f95.png,0
232,5b8810bc-4eff-11f0-a2b4-5f52fe53cb0d.png,1
233,a86b76bc-4eff-11f0-a2b4-5f52fe53cb0d.png,0
234,70fcbb64-4eff-11f0-a2b4-5f52fe53cb0d.png,0
235,854100f8-4eff-11f0-a2b4-5f52fe53cb0d.png,0
236,ac978a00-4eff-11f0-a2b4-5f52fe53cb0d.png,0
237,a6093a94-4eff-11f0-a2b4-5f52fe53cb0d.png,0
238,9093fbea-4eff-11f0-a2b4-5f52fe53cb0d.png,3
239,88d46692-4eff-11f0-a2b4-5f52fe53cb0d.png,3
240,4c082dfc-4eff-11f0-a2b4-5f52fe53cb0d.png,5
241,6cd107e8-4eff-11f0-a2b4-5f52fe53cb0d.png,0
242,44e13708-4eff-11f0-a2b4-5f52fe53cb0d.png,1
243,8671f522-4eff-11f0-a2b4-5f52fe53cb0d.png,1
244,6daac202-4f00-11f0-85ec-114b57130f95.png,1
245,4ad7755a-4eff-11f0-a2b4-5f52fe53cb0d.png,4
246,78bc9518-4eff-11f0-a2b4-5f52fe53cb0d.png,1
247,457a0d84-4eff-11f0-a2b4-5f52fe53cb0d.png,1
248,2667ea3c-4f00-11f0-982c-c304d8067eef.png,2
249,83770d8a-4eff-11f0-a2b4-5f52fe53cb0d.png,1
250,67737d80-4eff-11f0-a2b4-5f52fe53cb0d.png,2
251,68a4b2f0-4eff-11f0-a2b4-5f52fe53cb0d.png,2
252,7f8bff90-4f00-11f0-85ec-114b57130f95.png,5
253,10f1fa62-4f00-11f0-982c-c304d8067eef.png,0
254,7ac747c6-4f00-11f0-85ec-114b57130f95.png,1
255,2d8e2bdc-4f00-11f0-982c-c304d8067eef.png,0
256,0afc16b0-4f00-11f0-982c-c304d8067eef.png,1
257,735f2586-4eff-11f0-a2b4-5f52fe53cb0d.png,1
258,2e26ce00-4f00-11f0-982c-c304d8067eef.png,5
259,6edbaede-4f00-11f0-85ec-114b57130f95.png,0
260,75c1c748-4eff-11f0-a2b4-5f52fe53cb0d.png,0
261,71d68870-4f00-11f0-85ec-114b57130f95.png,0
262,6c381d94-4eff-11f0-a2b4-5f52fe53cb0d.png,1
263,40a0ee4e-4f00-11f0-982c-c304d8067eef.png,4
264,634741ba-4eff-11f0-a2b4-5f52fe53cb0d.png,5
265,296231b6-4f00-11f0-982c-c304d8067eef.png,1
266,6d11fbd0-4f00-11f0-85ec-114b57130f95.png,0
267,414e0152-4eff-11f0-a2b4-5f52fe53cb0d.png,1
268,0d5e7286-4f00-11f0-982c-c304d8067eef.png,0
269,abff0064-4eff-11f0-a2b4-5f52fe53cb0d.png,0
270,7b5ffc8c-4f00-11f0-85ec-114b57130f95.png,0
271,51fe5d1c-4eff-11f0-a2b4-5f52fe53cb0d.png,5
272,19e2cfe8-4f00-11f0-982c-c304d8067eef.png,0
273,896d092e-4eff-11f0-a2b4-5f52fe53cb0d.png,5
274,65ead804-4f00-11f0-85ec-114b57130f95.png,5
275,769b04e4-4f00-11f0-85ec-114b57130f95.png,0
276,722e263a-4eff-11f0-a2b4-5f52fe53cb0d.png,0
277,56c2d2f6-4eff-11f0-a2b4-5f52fe53cb0d.png,0
278,63e02ff6-4eff-11f0-a2b4-5f52fe53cb0d.png,0
279,719587fe-4eff-11f0-a2b4-5f52fe53cb0d.png,1
280,4e6acbfe-4eff-11f0-a2b4-5f52fe53cb0d.png,0
281,3a26eeb6-4eff-11f0-a2b4-5f52fe53cb0d.png,1
282,8c67d00a-4eff-11f0-a2b4-5f52fe53cb0d.png,4
283,912c3b30-4eff-11f0-a2b4-5f52fe53cb0d.png,0
284,588ccbbe-4eff-11f0-a2b4-5f52fe53cb0d.png,5
285,1818f85e-4f00-11f0-982c-c304d8067eef.png,0
286,6a6ecee0-4eff-11f0-a2b4-5f52fe53cb0d.png,1
287,b325f6fe-4eff-11f0-a2b4-5f52fe53cb0d.png,3
288,9a1d789e-4eff-11f0-a2b4-5f52fe53cb0d.png,1
289,5c2044ea-4eff-11f0-a2b4-5f52fe53cb0d.png,1
290,70648286-4eff-11f0-a2b4-5f52fe53cb0d.png,1
291,7995d782-4f00-11f0-85ec-114b57130f95.png,0
292,37b04e56-4f00-11f0-982c-c304d8067eef.png,0
293,883bcc16-4eff-11f0-a2b4-5f52fe53cb0d.png,2
294,81ee306e-4f00-11f0-85ec-114b57130f95.png,1
295,65a9e44e-4eff-11f0-a2b4-5f52fe53cb0d.png,1
296,38e14456-4f00-11f0-982c-c304d8067eef.png,0
297,8eca2a46-4eff-11f0-a2b4-5f52fe53cb0d.png,0
298,3089a4b0-4f00-11f0-982c-c304d8067eef.png,0
299,6a16fe4e-4f00-11f0-85ec-114b57130f95.png,1
300,1e0ef704-4f00-11f0-982c-c304d8067eef.png,3
301,aace8336-4eff-11f0-a2b4-5f52fe53cb0d.png,0
302,82de4e88-4eff-11f0-a2b4-5f52fe53cb0d.png,2
303,6f335676-4eff-11f0-a2b4-5f52fe53cb0d.png,0
304,3848c3b6-4f00-11f0-982c-c304d8067eef.png,0
305,77cc5cfa-4f00-11f0-85ec-114b57130f95.png,0
306,5165a7de-4eff-11f0-a2b4-5f52fe53cb0d.png,1
307,8b36adfa-4eff-11f0-a2b4-5f52fe53cb0d.png,0
308,968a040e-4eff-11f0-a2b4-5f52fe53cb0d.png,0
309,2ff088f2-4f00-11f0-982c-c304d8067eef.png,1
310,697e44f6-4f00-11f0-85ec-114b57130f95.png,0
311,9ab59700-4eff-11f0-a2b4-5f52fe53cb0d.png,1
312,70a562c8-4f00-11f0-85ec-114b57130f95.png,0
313,490d54e2-4eff-11f0-a2b4-5f52fe53cb0d.png,1
314,16e7ec06-4f00-11f0-982c-c304d8067eef.png,0
315,83b801f4-4f00-11f0-85ec-114b57130f95.png,0
316,7f4b4f82-4eff-11f0-a2b4-5f52fe53cb0d.png,1
317,59bdc790-4eff-11f0-a2b4-5f52fe53cb0d.png,1
318,3bf08162-4eff-11f0-a2b4-5f52fe53cb0d.png,3
319,726f54c4-4f00-11f0-85ec-114b57130f95.png,0
320,a7d2f28e-4eff-11f0-a2b4-5f52fe53cb0d.png,5
321,60e4f6f6-4eff-11f0-a2b4-5f52fe53cb0d.png,1
322,91c519f4-4eff-11f0-a2b4-5f52fe53cb0d.png,4
323,7ce8ba9a-4eff-11f0-a2b4-5f52fe53cb0d.png,0
324,7eb2a8a4-4eff-11f0-a2b4-5f52fe53cb0d.png,1
325,adc8c484-4eff-11f0-a2b4-5f52fe53cb0d.png,0
326,13544dc8-4f00-11f0-982c-c304d8067eef.png,0
327,12bbbda6-4f00-11f0-982c-c304d8067eef.png,0
328,861a6c8e-4f00-11f0-85ec-114b57130f95.png,0
329,7b1ec4fc-4eff-11f0-a2b4-5f52fe53cb0d.png,3
330,0e8fb2c8-4f00-11f0-982c-c304d8067eef.png,0
331,97226a50-4eff-11f0-a2b4-5f52fe53cb0d.png,1
332,7a2e8248-4f00-11f0-85ec-114b57130f95.png,1
333,6511aa62-4eff-11f0-a2b4-5f52fe53cb0d.png,1
334,31bac684-4f00-11f0-982c-c304d8067eef.png,0
335,236c0520-4f00-11f0-982c-c304d8067eef.png,1
336,9db0eea0-4eff-11f0-a2b4-5f52fe53cb0d.png,5
337,37177398-4f00-11f0-982c-c304d8067eef.png,2
338,8a068efa-4eff-11f0-a2b4-5f52fe53cb0d.png,1
339,ad300c12-4eff-11f0-a2b4-5f52fe53cb0d.png,0
340,4ca10ad6-4eff-11f0-a2b4-5f52fe53cb0d.png,5
341,b28d967a-4eff-11f0-a2b4-5f52fe53cb0d.png,2
342,10595b18-4f00-11f0-982c-c304d8067eef.png,1
343,74d15f96-4f00-11f0-85ec-114b57130f95.png,4
344,9c800566-4eff-11f0-a2b4-5f52fe53cb0d.png,0
345,8581d8f2-4f00-11f0-85ec-114b57130f95.png,0
346,a144477e-4eff-11f0-a2b4-5f52fe53cb0d.png,4
347,8245d3f6-4eff-11f0-a2b4-5f52fe53cb0d.png,0
348,a0abb05e-4eff-11f0-a2b4-5f52fe53cb0d.png,1
349,b02b1682-4eff-11f0-a2b4-5f52fe53cb0d.png,5
350,aa3548ce-4eff-11f0-a2b4-5f52fe53cb0d.png,0
351,7c4fde88-4eff-11f0-a2b4-5f52fe53cb0d.png,0
352,46127eb6-4eff-11f0-a2b4-5f52fe53cb0d.png,0
353,341cd5ca-4f00-11f0-982c-c304d8067eef.png,3
354,713dfcb8-4f00-11f0-85ec-114b57130f95.png,1
355,668384c8-4f00-11f0-85ec-114b57130f95.png,1
356,2a937d4c-4f00-11f0-982c-c304d8067eef.png,1
357,95f15a4c-4eff-11f0-a2b4-5f52fe53cb0d.png,1
358,151e07f2-4f00-11f0-982c-c304d8067eef.png,1
359,22d39d30-4f00-11f0-982c-c304d8067eef.png,1
360,2ebf916c-4f00-11f0-982c-c304d8067eef.png,5
361,41e6f056-4eff-11f0-a2b4-5f52fe53cb0d.png,0
362,a275717c-4eff-11f0-a2b4-5f52fe53cb0d.png,1
363,76f31428-4eff-11f0-a2b4-5f52fe53cb0d.png,3
364,3c899f0a-4eff-11f0-a2b4-5f52fe53cb0d.png,1
365,874bac30-4f00-11f0-85ec-114b57130f95.png,0
366,3bdc40ca-4f00-11f0-982c-c304d8067eef.png,1